#"Time (ps)","Potential Energy (kJ/mole)","Total Energy (kJ/mole)","Temperature (K)"
0.20000000000000015,-37081.149850138056,-36176.29994015122,54.427821772600815
0.4000000000000003,-36428.09941417392,-34730.740440671274,102.09820509930854
0.6000000000000004,-35848.67305343243,-33562.1044289376,137.53988168782195
0.8000000000000006,-35336.76702206078,-32540.79456401299,168.18114136734562
1.0000000000000007,-34843.53107892201,-31770.8267430235,184.82690013928953
1.2000000000000008,-34539.618207630876,-31095.966833505954,207.1398153098895
1.400000000000001,-34139.65566823413,-30327.30347670769,229.31761756798355
1.6000000000000012,-33864.36811168969,-29859.95244863676,240.87046879987776
1.8000000000000014,-33743.504291672754,-29652.046078678715,246.10618396383924
2.0000000000000013,-33730.08509022897,-29327.59254052039,264.81527732508454
2.1999999999999793,-33493.528151163046,-28966.933689722006,272.28015813997206
2.3999999999999573,-33407.48171101598,-28839.943276637176,274.7429878724204
2.5999999999999353,-33093.993993601674,-28530.28328033691,274.5127457954851
2.7999999999999132,-33083.187245019246,-28414.802121290006,280.8090387983715
2.999999999999891,-32883.45784834711,-28192.527378120314,282.1651687901272
3.199999999999869,-32799.377453570516,-28113.12841249563,281.8835751371809
3.399999999999847,-32606.06140330588,-27953.386197323125,279.8640681532616
3.599999999999825,-32750.027084515634,-28047.084458484052,282.88771456046055
3.799999999999803,-32727.9247308099,-27957.325472905795,286.9573431924021
3.999999999999781,-32725.23729671011,-27945.46609278102,287.5090468927022
4.1999999999997595,-32628.61279151184,-27858.180226595287,286.94731640661473
4.3999999999997375,-33080.98712838488,-27986.304575698916,306.45134724012394
4.599999999999715,-32786.649807789654,-27884.824684558727,294.8507384739107
4.799999999999693,-32872.1128363437,-27924.48818379687,297.6056358235842
4.999999999999671,-32610.999911393592,-27793.847988710826,289.7575425554649
5.199999999999649,-32555.83373939671,-27792.197637194826,286.53850091441484
5.399999999999627,-32698.003616712696,-27846.968758909672,291.7956422817332
5.599999999999605,-32778.05394257023,-27979.45919182035,288.64130611070317
5.799999999999583,-32634.910507635912,-27944.215499906568,282.1510054347419
5.999999999999561,-32459.57901720857,-27663.427477686346,288.4943439860635
6.199999999999539,-32801.69563728932,-27792.307359401835,301.3207929507144
6.399999999999517,-32686.327440709487,-27721.307390363567,298.65199014226465
6.599999999999495,-32592.77801733199,-27667.63260902991,296.25348196267055
6.799999999999473,-32550.087901005783,-27642.93075364016,295.1714662057559
6.999999999999451,-32538.780488637334,-27741.268697493768,288.5761647742354
7.199999999999429,-32758.623396307987,-27695.89318794274,304.5293748967439
7.399999999999407,-32731.89364332627,-27718.15357385078,301.582558503575
7.599999999999385,-32630.57626927769,-27729.57968965624,294.8009005688509
7.799999999999363,-32793.38515035252,-27758.197939317703,302.8726301336201
7.999999999999341,-32585.186902837915,-27766.72699370896,289.83621952983214
8.199999999999408,-32820.85235524454,-27740.2724788021,305.6030541247384
8.399999999999475,-32703.245835925773,-27605.617177687905,306.6285590695474
8.599999999999541,-32539.41898448809,-27498.388162987278,303.22413040503653
8.799999999999608,-32300.34850539331,-27416.995847438637,293.7395972374917
8.999999999999675,-32484.165711542737,-27533.29714895613,297.80076095488226
9.199999999999742,-32549.694101482455,-27510.103132649383,303.13752151718285
9.399999999999809,-32455.02672523269,-27514.49894010983,297.17875062303057
9.599999999999875,-32496.54741669033,-27545.340055575187,297.8211400981241
9.799999999999942,-32289.301314047567,-27317.239490336768,299.0755613682067
10.000000000000009,-32426.875122274738,-27292.064673943212,308.8650889316472
10.200000000000076,-32414.05373319442,-27436.49816785165,299.40601660405247
10.400000000000142,-32525.13880662073,-27401.45696624939,308.19568963796445
10.60000000000021,-32574.629572112695,-27448.960286270478,308.31523689843027
10.800000000000276,-32523.002168659907,-27550.64167078011,299.09352698245806
11.000000000000343,-32284.810746254137,-27466.858493179752,289.80568340118253
11.20000000000041,-32245.941990226012,-27357.84739015295,294.0248308189144
11.400000000000476,-32369.867846214504,-27383.82527663029,299.91652022364525
11.600000000000543,-32358.27075833289,-27321.625250656827,302.9603484488955
11.80000000000061,-32214.746424655343,-27211.8603698168,300.9296763320051
12.000000000000677,-32286.195504178235,-27273.61173360137,301.51300571954346
12.200000000000744,-32434.823583679186,-27293.600250515767,309.25083174802614
12.40000000000081,-32320.534521179186,-27392.2199891693,296.4441086052109
12.600000000000877,-32351.83514206906,-27351.168868022534,300.7961538196098
12.800000000000944,-32333.168400016963,-27277.37009464379,304.1124125072543
13.00000000000101,-32509.52038431214,-27491.44740525633,301.8431882807254
13.200000000001078,-32417.229892448435,-27501.89105264275,295.66360494944263
13.400000000001144,-32448.924505361356,-27555.2486048406,294.3605528239383
13.600000000001211,-32432.910420914588,-27532.07107471529,294.7914427874185
13.800000000001278,-32608.5836422914,-27487.171191566187,308.05918309270345
14.000000000001345,-32485.225711338077,-27342.608007106784,309.334704862373
14.200000000001411,-32439.91712098557,-27421.190131142153,301.8825278244358
14.400000000001478,-32511.047920354613,-27521.227224608854,300.1437791039141
14.600000000001545,-32572.650285446725,-27488.536103982653,305.8156468671195
14.800000000001612,-32589.123105197563,-27439.585266248207,309.7509593758786
15.000000000001679,-32507.974779417273,-27603.01551376423,295.0392609496033
15.200000000001745,-32612.765043632884,-27711.816046077118,294.79803844977215
15.400000000001812,-32654.565679566993,-27797.983897957543,292.1292964900059
15.600000000001879,-32642.617443515453,-27744.490260906518,294.6283028512976
15.800000000001946,-32600.39577070379,-27668.08964787575,296.68420764400395
16.00000000000201,-32625.736536348035,-27583.694220146193,303.2849730405985
16.2000000000019,-32554.736536348035,-27633.750581694097,296.00328577064596
16.40000000000179,-32539.77061291653,-27594.94409081302,297.43732487678005
16.60000000000168,-32377.515054504678,-27398.977838960767,299.4650640566752
16.800000000001567,-32465.71058181778,-27341.953513001907,308.20021472033017
17.000000000001457,-32400.920683563338,-27347.757697563735,303.95389484416404
17.200000000001346,-32185.07943150864,-27229.04541864895,298.1114690665099
17.400000000001235,-32301.227801043075,-27195.170189138502,307.1355708765195
17.600000000001124,-32209.6725284337,-27074.85390024734,308.8655809598567
17.800000000001013,-32185.82315351459,-27099.177761241037,305.96790227355405
18.000000000000902,-32130.04971601459,-27058.291048852436,305.07244766589133
18.20000000000079,-32212.083425233985,-27157.366247541184,304.04738136335817
18.40000000000068,-32413.8380682212,-27383.341353349824,302.5904910889109
18.60000000000057,-32295.762377458304,-27362.022872322385,296.7704273318484
18.80000000000046,-32379.406099321117,-27323.192955109087,304.13736556757567
19.000000000000348,-32414.859224321117,-27459.52868798448,298.0691540986958
19.200000000000237,-32543.750743387878,-27564.851703458145,299.48682823321667
19.400000000000126,-32392.5946683519,-27457.533860561758,296.84990529231226
19.600000000000016,-32333.5215592671,-27401.617490033415,296.6600236316776
19.799999999999905,-32320.52595825214,-27405.79286508204,295.62716855313306
19.999999999999794,-32341.897764177003,-27278.34460269095,304.578876527116
20.199999999999683,-32385.95226560862,-27251.124113354395,308.86615384411357
20.399999999999572,-32254.287001306395,-27255.7350322243,300.66897580643115
20.59999999999946,-32204.788006677496,-27172.963392735663,302.67036583182806
20.79999999999935,-32199.436043244903,-27255.754571490106,297.36844870669637
20.99999999999924,-32262.031769001187,-27343.573430227378,295.851246603581
21.19999999999913,-32225.59035035796,-27369.86832425851,292.0775811511969
21.399999999999018,-32305.502995499322,-27290.424499349116,301.6630664946828
21.599999999998907,-32471.466644160653,-27484.50551747784,299.97177254947167
21.799999999998796,-32514.987875458697,-27488.150567349425,302.37037332480105
21.999999999998685,-32472.156336889893,-27569.997513261915,294.8708109583478
22.199999999998575,-32558.84917054363,-27589.612766573584,298.9056089369967
22.399999999998464,-32411.105825518287,-27529.449723914295,293.63754731113045
22.599999999998353,-32288.58178895703,-27420.193622988096,292.83946485782536
22.799999999998242,-32428.64828351626,-27414.062289917812,301.6334418676438
22.99999999999813,-32574.65565243439,-27308.474750010122,316.76718140314836
23.19999999999802,-32289.844351421314,-27330.26161404999,298.32492915873934
23.39999999999791,-32520.039071563835,-27619.40532194471,294.7790759032545
23.5999999999978,-32453.171150948183,-27676.527889775374,287.32089733444406
23.799999999997688,-32570.187925095874,-27643.64816160788,296.3373541216982
23.999999999997577,-32380.74211733986,-27562.82812354283,289.8033820591522
24.199999999997466,-32494.99765335876,-27433.286086012755,304.4681024014565
24.399999999997355,-32335.67599883498,-27478.59624027516,292.15925040877454
24.599999999997245,-32763.519414934795,-27556.542197538074,313.20600779701135
24.799999999997134,-32484.8668378852,-27551.40449575332,296.7537556403124
24.999999999997023,-32375.29860146594,-27422.84274203045,297.89623878942444
25.199999999996912,-32389.426323069405,-27353.801973377034,302.89892455513746
25.3999999999968,-32422.609850728506,-27294.071845470084,308.48779385774196
25.59999999999669,-32240.117663228506,-27268.34304316956,299.0582857195019
25.79999999999658,-32407.967150835873,-27328.06036865161,305.56256668708056
25.99999999999647,-32180.142372785194,-27211.338160970772,298.87961205358175
26.199999999996358,-32282.570115868613,-27331.218972359464,297.82978878386604
26.399999999996247,-32457.54529608463,-27361.483131218265,306.5343325894527
26.599999999996136,-32306.252478890354,-27340.334289811784,298.7060142785641
26.799999999996025,-32342.56057999289,-27419.94706201466,296.1011856826208
26.999999999995914,-32311.938969274604,-27432.810288803274,293.4855198583623
27.199999999995804,-32425.288620721927,-27416.75120138601,301.26961277476784
27.399999999995693,-32397.691357319418,-27455.04107018019,297.3064216988454
27.599999999995582,-32385.822834239836,-27274.31732929268,307.4632682639925
27.79999999999547,-32191.42909634803,-27179.043490562035,301.501085866538
27.99999999999536,-32140.35741291076,-27185.834323569405,298.02058518061875
28.19999999999525,-32358.761469516438,-27303.52913965634,304.0783683922985
28.39999999999514,-32359.257850458118,-27207.31210343467,309.8957979729266
28.599999999995028,-32308.403919727047,-27161.16090020674,309.6129231982693
28.799999999994917,-32446.37984418805,-27367.008263443888,305.5303736700148
28.999999999994806,-32382.415556436637,-27352.46064514038,302.5579009453998
29.199999999994695,-32413.923368936637,-27211.186211883323,312.9509630143033
29.399999999994584,-32349.458794545702,-27247.2115842177,306.90637059081166
29.599999999994473,-32381.318169545702,-27303.259112636646,305.4514237661899
29.799999999994363,-32334.662322595337,-27210.838142413268,308.204251550569
29.99999999999425,-32330.490904648992,-27305.503934484645,302.2590732486515
30.19999999999414,-32433.23863833779,-27215.186014805775,313.8722069362693
30.39999999999403,-32339.184816176392,-27315.018470026873,302.20971171683453
30.59999999999392,-32324.33837945244,-27330.651838357997,300.37631439989684
30.79999999999381,-32210.26107011229,-27194.65889372077,301.6945664976396
30.999999999993697,-32322.699832285434,-27336.7389075222,299.91160918843826
31.199999999993587,-32460.701996507647,-27575.527697033307,293.8491711887864
31.399999999993476,-32775.00145217488,-27717.45270026094,304.21770399404335
31.599999999993365,-32540.137367714662,-27725.309357918333,289.61775637103585
31.799999999993254,-32658.731117714662,-27730.779973703902,296.4222503754289
31.999999999993143,-32811.01129357531,-27737.400917726016,305.18383019385124
32.19999999999339,-32533.158460331266,-27622.0420450588,295.4096209821506
32.39999999999363,-32557.18738154965,-27492.313557049405,304.6583160124548
32.59999999999388,-32492.130316261202,-27447.024071637075,303.4692720588684
32.79999999999412,-32547.862549437326,-27647.3722990175,294.77044425201836
32.999999999994365,-32452.525975606404,-27430.67882678844,302.0702091787625
33.19999999999461,-32535.063379956235,-27456.796186592255,305.463943426907
33.399999999994854,-32582.13865395286,-27424.43010704429,310.24243738969267
33.5999999999951,-32508.721446372714,-27346.23127603848,310.53005784997356
33.79999999999534,-32371.250314613542,-27364.159226180724,301.18261421318414
33.99999999999559,-32344.575634097593,-27337.97937534927,301.1528496062827
34.19999999999583,-32394.583446597593,-27357.498404002894,302.9867870084294
34.399999999996076,-32378.233813774365,-27334.380051000568,303.3939337533983
34.59999999999632,-32529.827185696573,-27380.722512373817,309.7249039370015
34.799999999996565,-32642.329523704277,-27362.89101951316,317.56464226172164
34.99999999999681,-32503.55304709397,-27299.163746037928,313.05034148395964
35.199999999997054,-32538.279342344962,-27327.32990279002,313.44494178736994
35.3999999999973,-32472.725879152713,-27498.78074350342,299.1888448701436
35.59999999999754,-32363.071021491924,-27473.870543780533,294.09135070286084
35.79999999999779,-32564.00637527689,-27654.75642236549,295.29735100277367
35.99999999999803,-32572.015531163954,-27667.8968797783,294.98869697979995
36.199999999998276,-32678.544114622404,-27712.255881049787,298.7282729046055
36.39999999999852,-32914.77005836042,-27924.516246287385,300.1698315773768
36.599999999998765,-32729.803317453217,-27867.923554256762,292.4479765212348
36.79999999999901,-32749.076754953217,-27679.575831060734,304.93664166432836
36.999999999999254,-32683.507205068774,-27734.45154091966,297.69171291060593
37.1999999999995,-32818.51786346163,-27827.012750304653,300.24509885831384
37.39999999999974,-32734.01887607621,-27704.269338497194,302.54554746671204
37.59999999999999,-32769.81575107621,-27816.747451615054,297.9330778012821
37.80000000000023,-32884.11084827958,-27989.624762596475,294.4092864460921
38.000000000000476,-32717.587598009966,-27949.369970737025,286.81408521548184
38.20000000000072,-32553.742163032468,-27751.68990291393,288.8492795012262
38.400000000000965,-32760.154360391054,-27793.49497321699,298.75059824480473
38.60000000000121,-32747.21018473085,-27807.890704840218,297.10606959482834
38.800000000001454,-32704.725555662677,-27792.708479049295,295.46379685640306
39.0000000000017,-32749.467782570806,-27906.33554423257,291.3202901166736
39.20000000000194,-32624.236691021826,-27751.247223779093,293.1162387215216
39.40000000000219,-32610.4530664217,-27562.846002139064,303.61969940063693
39.60000000000243,-32709.60122481725,-27694.537186461414,301.66219684078044
39.800000000002676,-32595.61154142869,-27695.982702518435,294.71862930282265
40.00000000000292,-32337.935327289568,-27560.685254040116,287.35739781832814
40.200000000003165,-32619.880639789568,-27629.667800491385,300.1673670151744
40.40000000000341,-32654.23881023188,-27636.375331668154,301.8305865715153
40.600000000003654,-32747.13208332,-27795.84830292681,297.825736810573
40.8000000000039,-32671.64242228007,-27875.493392673117,288.4941930116097
41.00000000000414,-32638.500530543766,-27930.84134747184,283.17142119858784
41.20000000000439,-32883.562711976905,-28009.53805369264,293.1785067207636
41.40000000000463,-32832.87857328908,-27869.689600963087,298.5418485740109
41.600000000004876,-32697.23483774296,-27777.78418915157,295.91093524508744
41.80000000000512,-32482.418645230035,-27688.143837260926,288.3814563023045
42.000000000005365,-32432.092888585496,-27483.784375292453,297.64677087858206
42.20000000000561,-32322.74489763021,-27372.672628085274,297.7528629606708
42.40000000000585,-32520.673551793094,-27445.778286901186,305.2611178313222
42.6000000000061,-32299.71354809511,-27290.16075381558,301.33068881163695
42.80000000000634,-32280.550176327844,-27288.021629513038,300.30665963663694
43.00000000000659,-32334.339238827844,-27264.251657638495,304.97192981371427
43.20000000000683,-32282.407638982433,-27325.90611125392,298.1395906540524
43.400000000007076,-32612.160631748353,-27568.303737480746,303.39412211655673
43.60000000000732,-32429.94362961274,-27593.870560901996,290.8956724843932
43.800000000007564,-32528.000223664945,-27383.056246771856,309.4746329901579
44.00000000000781,-32412.881454755814,-27404.612328172458,301.2534746396384
44.20000000000805,-32403.35910416773,-27353.432445233746,303.75922583797717
44.4000000000083,-32608.017540339555,-27406.982825894083,312.84855902242015
44.60000000000854,-32483.44236216703,-27363.90238570058,307.94655149037357
44.80000000000879,-32457.81492628262,-27345.263710816347,307.52616902259575
45.00000000000903,-32235.56466423234,-27343.231622916443,294.2797782107554
45.200000000009275,-32279.657887887268,-27302.288977114542,299.39478910481824
45.40000000000952,-32122.533540748846,-27195.092655316315,296.39155770181833
45.600000000009764,-32295.846914826252,-27325.599157113873,298.96644309372164
45.80000000001001,-32421.897600826283,-27542.073721203895,293.5273369321915
46.00000000001025,-32330.568035960663,-27484.192201174796,291.5153963850231
46.2000000000105,-32425.88342228366,-27511.57386603739,295.60169229242956
46.40000000001074,-32467.73327926884,-27546.10517791682,296.0419116749527
46.600000000010986,-32506.872484781925,-27615.089397887845,294.2466977839096
46.80000000001123,-32673.122484781925,-27672.985518263333,300.7643153285238
47.000000000011475,-32462.333261636784,-27820.736179292435,279.1977055528887
47.20000000001172,-32721.07804025954,-27811.878994631523,295.2942888678094
47.400000000011964,-32697.966032355354,-27696.3669424346,300.85226382811925
47.60000000001221,-32558.366188903543,-27680.191375393624,293.4281436013748
47.80000000001245,-32546.01004535923,-27610.689265851484,296.8655429070764
48.0000000000127,-32780.25864037298,-27793.620633707236,299.952336487749
48.20000000001294,-32720.436509505147,-27762.483405439416,298.2269047348734
48.400000000013186,-32923.86438222023,-27854.43517797932,304.93232764012333
48.60000000001343,-32714.927551217057,-27659.65209789356,304.0809623210311
48.800000000013675,-32800.821405770956,-27806.462874772726,300.41673540929577
49.00000000001392,-32530.427296589885,-27634.12662194838,294.51843617725547
49.200000000014164,-32614.854201650014,-27590.84033631091,302.2005398107743
49.40000000001441,-32430.00598204715,-27602.107118988613,290.403984080095
49.60000000001465,-32476.898508309067,-27541.84844041677,296.84925927440446
49.8000000000149,-32518.831562941836,-27517.308163972513,300.84771092540154
50.00000000001514,-32524.087593571545,-27490.048402138316,302.80357535936724
50.200000000015386,-32483.253508165828,-27413.930358054,304.925948355369
50.40000000001563,-32487.89264140709,-27417.349403452245,304.9993381219299
50.600000000015875,-32383.279096190905,-27289.589774884837,306.39160316552426
50.80000000001612,-32347.764281507,-27377.554380738526,298.9641659525372
51.000000000016364,-32461.004364194552,-27423.977308094705,302.9832990502916
51.20000000001661,-32617.294750539935,-27538.38398823922,305.50265488059716
51.40000000001685,-32403.122585320874,-27343.780813673075,304.3255563101369
51.6000000000171,-32501.305833511986,-27454.198805509135,303.5896216107011
51.80000000001734,-32419.54401141405,-27446.26262356527,299.14891963327324
52.000000000017586,-32504.5553779084,-27448.836993856705,304.10760514263706
52.20000000001783,-32512.826198565017,-27518.42891264957,300.41906656466614
52.400000000018075,-32459.381632123637,-27527.821079970832,296.63936066177763
52.60000000001832,-32256.470077579957,-27458.216654460994,288.6207748388796
52.800000000018564,-32565.704601019912,-27450.592921858944,307.6801840256277
53.00000000001881,-32347.761560779705,-27446.843379479542,294.7961848145459
53.20000000001905,-32362.14226543877,-27345.43259191487,301.7611837961216
53.4000000000193,-32477.29651150148,-27400.310587516928,305.3868735165756
53.60000000001954,-32298.08976407419,-27390.31502304389,295.20861521526325
53.800000000019786,-32595.648147390602,-27484.168113327032,307.46173615938943
54.00000000002003,-32486.63350309292,-27559.39387425175,296.3794518732558
54.200000000020275,-32382.684052023105,-27422.367183809634,298.3690880211021
54.40000000002052,-32503.121552023105,-27497.441312028095,301.0977499650103
54.60000000002076,-32483.382130477374,-27566.511529105803,295.75574226921907
54.80000000002101,-32430.19359698886,-27484.289347860205,297.50215146713117
55.00000000002125,-32635.666605788138,-27623.80435997885,301.46960512788644
55.2000000000215,-32543.87271507419,-27751.64124301923,288.258547163751
55.40000000002174,-32599.596460196306,-27707.720728032873,294.2522705094553
55.600000000021986,-32689.19764888886,-27631.22136973677,304.2434202770027
55.80000000002223,-32502.258495191287,-27549.539956152148,297.9120392868251
56.000000000022474,-32612.89720504009,-27522.318256940925,306.2045104370142
56.20000000002272,-32511.524399990158,-27556.161742146884,298.07108624635805
56.40000000002296,-32599.86266382615,-27629.435856702912,298.9772131333879
56.60000000002321,-32719.60863368452,-27665.056624515506,304.0374462759189
56.80000000002345,-32446.567020035727,-27584.967672258063,292.4311091929986
57.0000000000237,-32572.28819107983,-27692.706120447925,293.5127918275374
57.20000000002394,-32506.523295424035,-27615.638935841707,294.1926382438617
57.400000000024185,-32526.406625123665,-27609.530942463287,295.7560479149163
57.60000000002443,-32649.359769409115,-27776.95521316846,293.0810556138895
57.800000000024674,-32522.136507030635,-27783.845815866312,285.01394363758897
58.00000000002492,-32742.40550639201,-27720.622029000893,302.0663792650561
58.20000000002516,-32556.813198561693,-27780.36837651409,287.30896097989495
58.40000000002541,-32745.413719247153,-27780.304994539416,298.65732401289614
58.60000000002565,-32789.156392599136,-27746.000420140248,303.35196081791435
58.800000000025896,-32600.90827226275,-27686.042673516873,295.6351389245534
59.00000000002614,-32599.459814554168,-27591.823057158006,301.21543686449445
59.200000000026385,-32459.67944999624,-27769.598741058755,282.1140546158388
59.40000000002663,-32642.772759558342,-27642.934092066294,300.74637227954685
59.600000000026874,-32556.916641067393,-27611.263385778904,297.4870538826062
59.80000000002712,-32598.295785769646,-27601.63630965218,300.55514005461424
60.00000000002736,-32638.589147298335,-27631.754270605015,301.1672027656727
60.20000000002761,-32809.85439143906,-27659.43902042712,309.80374399593
60.40000000002785,-32409.0365723368,-27701.499254392576,283.16409086305083
60.600000000028096,-32552.501607653976,-27752.06356512691,288.75218235129984
60.80000000002834,-32619.189932058565,-27793.29304600705,290.2835627300695
61.000000000028585,-32765.870216022886,-27772.474599003734,300.35881496320064
61.20000000002883,-32655.400633607205,-27701.97025621796,297.95485722869915
61.400000000029074,-32377.433327713952,-27510.433052364708,292.75598155031247
61.60000000002932,-32175.192133686563,-27339.598625253362,290.86682635087743
61.80000000002956,-32318.86424385928,-27426.959595589753,294.2540098483793
62.00000000002981,-32454.31264075308,-27326.99871329448,308.41416409043
62.20000000003005,-32441.642162401782,-27434.727502983616,301.1720017935341
62.400000000030296,-32470.354849904106,-27604.302307631617,292.69897425394174
62.60000000003054,-32307.363066077232,-27565.546088140458,285.2260540725372
62.800000000030785,-32499.497708783805,-27503.209968224954,300.53277970898415
63.00000000003103,-32363.27572536512,-27435.68583877242,296.4005203026874
63.200000000031274,-32358.21261078026,-27376.29900579434,299.66815798502336
63.40000000003152,-32367.490451009653,-27430.590098374,296.960556150415
63.60000000003176,-32216.20994382692,-27339.503910367523,293.33979469629065
63.80000000003201,-32619.77762763333,-27398.46953948206,314.0680270895659
64.00000000003224,-32323.84717331259,-27404.714582087385,295.89180370796856
64.20000000003178,-32132.127233155275,-27278.65595035089,291.9421962066137
64.40000000003131,-32369.624238178832,-27454.931389256148,295.6247478127412
64.60000000003085,-32397.20363381997,-27551.99221361082,291.44535543309104
64.80000000003038,-32320.32169042068,-27441.21258781856,293.48434222573565
65.00000000002991,-32385.892501425405,-27598.41093154525,287.97283477526054
65.20000000002945,-32551.738763580477,-27560.69077249794,300.2176024099843
65.40000000002898,-32564.192000755982,-27625.285237654985,297.0812441783466
65.60000000002852,-32455.63716777676,-27431.722818922077,302.19455377329155
65.80000000002805,-32465.051001435495,-27436.61262707354,302.46667940571604
66.00000000002758,-32526.196526244952,-27403.268547339103,308.15034395462834
66.20000000002712,-32482.516838744952,-27415.630021788034,304.7793999551641
66.40000000002665,-32246.260934862104,-27365.319371952006,293.59456694029586
66.60000000002618,-32252.79268879193,-27295.274254793127,298.20075880208225
66.80000000002572,-32330.540850723104,-27325.338945829484,301.0689775273289
67.00000000002525,-32533.33803935643,-27404.30135331038,308.51779011317706
67.20000000002479,-32515.296526913415,-27353.839635377633,310.467904874477
67.40000000002432,-32361.731180036993,-27248.279307974357,307.5803446114577
67.60000000002385,-32316.744780958747,-27215.776331165922,306.8294515905109
67.80000000002339,-32321.685492625315,-27308.498347821034,301.54929941261844
68.00000000002292,-32346.296324065217,-27387.846214858146,298.2568001981479
68.20000000002246,-32206.625016616046,-27256.121634076902,297.7787949312149
68.40000000002199,-32287.179801799386,-27169.041233627155,307.86225507830966
68.60000000002152,-32241.179801799386,-27276.622103419184,298.6241791096187
68.80000000002106,-32271.99489077233,-27187.412113722472,305.8438334611006
69.00000000002059,-32263.729346487962,-27184.33744661609,305.53159589024096
69.20000000002013,-32324.34806451935,-27111.216537748347,313.57619698536155
69.40000000001966,-32266.442160369712,-27235.00560237409,302.6470237950492
69.6000000000192,-32422.23905508002,-27292.382891907968,308.56708265823727
69.80000000001873,-32186.26749875935,-27200.934138937184,299.8738603945376
70.00000000001826,-32090.999338194815,-27219.076099125756,293.0521038010612
70.2000000000178,-32166.285568773048,-27234.68046923657,296.64204024104515
70.40000000001733,-32453.13715876575,-27465.887427456502,299.98913246850003
70.60000000001686,-32331.508556699293,-27350.69034322296,299.6022688544647
70.8000000000164,-32309.60199929541,-27294.390463307966,301.6710690025794
71.00000000001593,-32351.46856081247,-27358.61877749063,300.32598240294203
71.20000000001546,-32207.785392677673,-27290.165178806084,295.8008323721181
71.400000000015,-32133.069712511322,-27293.471123647934,291.1077368062283
71.60000000001453,-32480.78210619185,-27462.01435323665,301.88497977515004
71.80000000001407,-32490.31474878147,-27431.48700963016,304.29463663075654
72.0000000000136,-32331.912826570013,-27301.053123081423,302.61232529538546
72.20000000001313,-32181.25821128479,-27260.460346040694,295.9919719640541
72.40000000001267,-32137.84202962293,-27338.073126999603,288.71193277286744
72.6000000000122,-32519.254536006018,-27358.65535730531,310.4163124050473
72.80000000001174,-32307.770161006018,-27294.09159210173,301.57885916947396
73.00000000001127,-32388.778708655795,-27377.99445794191,301.40476241278344
73.2000000000108,-32484.00896669741,-27470.80836102835,301.5501090999942
73.40000000001034,-32608.605907881632,-27711.59240491921,294.5613136670768
73.60000000000987,-32714.33928669023,-27761.61740031012,297.91224063345265
73.8000000000094,-32698.162759300612,-27689.887517158233,301.25384249794604
74.00000000000894,-32610.9215516267,-27684.92295116937,296.30480250771467
74.20000000000847,-32350.795311216003,-27606.430574605445,285.3793048531205
74.400000000008,-32537.53813927801,-27566.832054004015,298.9940120535699
74.60000000000754,-32348.74806994162,-27451.294000581926,294.5878142713041
74.80000000000707,-32314.663742282486,-27493.65514087217,289.98952646804577
75.00000000000661,-32588.759551679424,-27598.51451713749,300.16930359821373
75.20000000000614,-32371.37369951536,-27442.360656911274,296.48612486636955
75.40000000000568,-32453.736653262604,-27507.796501336008,297.504311064061
75.60000000000521,-32406.884371539258,-27477.714982430596,296.49552929863165
75.80000000000474,-32619.913534109422,-27489.139995324367,308.62226391626916
76.00000000000428,-32498.15117102911,-27595.00786715516,294.9300286416066
76.20000000000381,-32616.136335878662,-27456.08211372586,310.38353260639127
76.40000000000335,-32548.783041253482,-27421.62515188454,308.4047782097002
76.60000000000288,-32467.502030978823,-27470.638882285828,300.5673912075609
76.80000000000241,-32369.938798924355,-27379.126292084722,300.20343774658363
77.00000000000195,-32376.861947089783,-27530.181267832755,291.5337331504486
77.20000000000148,-32463.105498329096,-27467.943930027366,300.46503907905276
77.40000000000101,-32597.23395520638,-27586.20935477692,301.4192197402784
77.60000000000055,-32442.956068832456,-27535.04578830491,295.2167680807474
77.80000000000008,-32412.739570949314,-27577.234450783086,290.86150968919844
77.99999999999962,-32539.916299630364,-27574.354758328234,298.68456148136823
78.19999999999915,-32502.465792517585,-27598.17548328865,294.9990224076935
78.39999999999868,-32553.45360244505,-27520.152594482497,302.75917272647314
78.59999999999822,-32399.537196170277,-27612.38269764019,287.9531610360559
78.79999999999775,-32442.93673632227,-27508.76937640019,296.7961633172187
78.99999999999729,-32591.45083874892,-27450.885972680146,309.21122415203155
79.19999999999682,-32378.235667981266,-27354.331452610495,302.19394423191864
79.39999999999635,-32461.16964292989,-27420.626624328987,303.1947884677679
79.59999999999589,-32402.251744607172,-27365.70965289016,302.95412785327466
79.79999999999542,-32538.12653838817,-27473.21394284416,304.66064813785664
79.99999999999496,-32296.93760197761,-27455.866721037426,291.19629696396123
80.19999999999449,-32499.178643245687,-27470.775563775533,302.4645563750795
80.39999999999402,-32398.22334388201,-27410.136735277018,300.0394716549173
80.59999999999356,-32549.13740638201,-27334.90007619909,313.64271240449926
80.79999999999309,-32404.69987329861,-27391.11851584501,301.5730117825716
80.99999999999262,-32341.639835925307,-27312.456567398738,302.51148569500623
81.19999999999216,-32323.917874052306,-27434.000709547778,294.13446028447555
81.39999999999169,-32353.918282250583,-27427.22672714264,296.34648457211443
81.59999999999123,-32461.751505735156,-27375.570609120477,305.9399622951595
81.79999999999076,-32426.99056716406,-27512.56084077133,295.6089206727849
81.9999999999903,-32381.399452261627,-27409.17264125403,299.08548555462227
82.19999999998983,-32363.87572968795,-27378.643532377173,299.8677753465321
82.39999999998936,-32429.884461204463,-27364.812655458867,304.6702248249742
82.5999999999889,-32445.45034100808,-27280.691593548923,310.66651552109664
82.79999999998843,-32205.22141765026,-27326.41621562015,293.46606223699143
82.99999999998796,-32351.69442396864,-27382.336527604348,298.9129168521634
83.1999999999875,-32407.35067396864,-27399.491405911132,301.22882115119734
83.39999999998703,-32457.209079232358,-27411.95944308705,303.4778972331348
83.59999999998657,-32442.670741494396,-27505.41866450355,296.9817127978392
83.7999999999861,-32298.329642984783,-27250.36030650395,303.64149051363694
83.99999999998563,-32286.292647636903,-27315.080137866025,299.02447410252773
84.19999999998517,-32484.909835136903,-27425.027923749236,304.3580463719354
84.3999999999847,-32437.85324392133,-27435.579438317945,300.8928487964285
84.59999999998423,-32513.604758942878,-27529.146599769505,299.8212160118593
84.79999999998377,-32488.098943146964,-27480.02817935412,301.2415428767137
84.9999999999833,-32434.953293495433,-27470.394561744848,298.6242412681031
85.19999999998284,-32343.44983063196,-27481.841555707157,292.4316461717483
85.39999999998237,-32604.403441381583,-27525.484333665052,305.5031568675009
85.5999999999819,-32581.411921303225,-27512.758157412492,304.88568396064807
85.79999999998144,-32602.087217271328,-27605.024563538842,300.57939167814976
85.99999999998097,-32823.05712709803,-27814.551018746046,301.2677293810312
86.1999999999805,-32748.11962709803,-27721.161575703823,302.37763618013213
86.39999999998004,-32519.01316230357,-27692.601540325064,290.31452472164955
86.59999999997957,-32613.13051804385,-27752.91083083485,292.34812093305715
86.79999999997911,-32759.35746568814,-27747.869656553725,301.44708230683057
86.99999999997864,-32556.519728771178,-27670.89548329427,293.87623598767163
87.19999999997817,-32555.590288924635,-27577.148698006407,299.45931211922533
87.39999999997771,-32546.892288796284,-27564.23214137103,299.7130634200409
87.59999999997724,-32759.12253590062,-27747.868842385185,301.4329999678223
87.79999999997678,-32666.27515533092,-27730.588531630958,296.8875488798579
87.99999999997631,-32561.994256305625,-27545.90287523053,301.7239927538993
88.19999999997584,-32541.37109263378,-27475.948280817334,304.69133826672237
88.39999999997538,-32316.832463838975,-27480.93800355948,290.88492897018625
88.59999999997491,-32326.34860118339,-27298.2103569163,302.44862621575413
88.79999999997445,-32185.54391368339,-27316.6502913055,292.86986867511774
88.99999999997398,-32411.693952331058,-27286.45511241883,308.28934505260963
89.19999999997351,-32279.510899125773,-27337.2931482782,297.28040411522994
89.39999999997305,-32359.2798832306,-27324.845420817408,302.8273513891948
89.59999999997258,-32561.9378969995,-27319.573275660136,315.33460315136506
89.79999999997212,-32287.639955562016,-27448.481361868267,291.0812705620372
89.99999999997165,-32273.151489425276,-27260.459084629372,301.5195401998446
90.19999999997118,-32271.463939449633,-27251.406460965984,301.9625583331221
90.39999999997072,-32275.75168153958,-27233.109582984238,303.32105067809215
90.59999999997025,-32226.348182185582,-27184.486773815035,303.2740912146843
90.79999999996978,-32228.87979002585,-27178.85967508002,303.7648473306692
90.99999999996932,-32137.66328978035,-27178.651072399778,298.29061168792816
91.19999999996885,-32424.691311609786,-27366.669510365784,304.24615848615525
91.39999999996839,-32397.88343716087,-27439.706422257703,298.24037324386956
91.59999999996792,-32665.833133171545,-27580.79430965567,305.87126521027625
91.79999999996745,-32525.072737267445,-27577.780978717114,297.5856118451203
91.99999999996699,-32472.986819188984,-27615.008543175587,292.21329732559815
92.19999999996652,-32435.2406608132,-27376.031337711058,304.31758936914764
92.39999999996606,-32328.412239603174,-27311.707315742446,301.7608980981093
92.59999999996559,-32454.7507079739,-27494.54883691488,298.3621708025029
92.79999999996512,-32453.003625749203,-27441.77364027017,301.4315739006197
92.99999999996466,-32367.652497052797,-27376.32652765198,300.2343231436628
93.19999999996419,-32318.369191198755,-27363.94324164014,298.01474210463067
93.39999999996373,-32259.822732618108,-27364.9590670029,294.43199833789043
93.59999999996326,-32481.595098051446,-27395.91153840089,305.9100468723413
93.7999999999628,-32515.354036062054,-27437.514882899617,305.43819628857614
93.99999999996233,-32466.177092816273,-27519.401218818093,297.5545807623409
94.19999999996186,-32511.239704280655,-27428.17195862255,305.7527024816307
94.3999999999614,-32580.406218281947,-27600.21577325929,299.5645078190332
94.59999999996093,-32462.22487669185,-27564.79745825546,294.58621118587786
94.79999999996046,-32290.536653177114,-27438.176813365193,291.8753415598523
94.99999999996,-32524.59902925871,-27555.33131922898,298.9074920345336
95.19999999995953,-32485.417189966247,-27643.050395662256,291.2742477277504
95.39999999995906,-32509.995314966247,-27559.80783842114,297.75979280174505
95.5999999999586,-32338.40556734524,-27506.075378381676,290.6705337187842
95.79999999995813,-32424.45244234524,-27351.871898036014,305.12188457513565
95.99999999995767,-32457.30756617649,-27475.753311869543,299.64654260495496
96.1999999999572,-32350.53412867649,-27433.75481083835,295.750251453744
96.39999999995673,-32298.035644501884,-27299.8934630281,300.64432658376614
96.59999999995627,-32377.557929792267,-27326.563684830267,303.8234424350266
96.7999999999558,-32364.670510766067,-27224.726096450322,309.17390322503627
96.99999999995534,-32077.385646895505,-27140.15823617496,296.98022909170317
97.19999999995487,-32305.71733165768,-27369.270954404055,296.9332489794583
97.3999999999544,-32361.48943626639,-27466.74443152538,294.4248607420958
97.59999999995394,-32410.98593401001,-27536.640760476002,293.1977861025657
97.79999999995347,-32377.377828221594,-27414.343834164494,298.5325264427878
97.999999999953,-32410.522429591452,-27441.06923630854,298.918649077635
98.19999999995254,-32572.896201711585,-27431.094560038735,309.28561770770125
98.39999999995207,-32459.098518068407,-27379.75735538776,305.5285439865266
98.5999999999516,-32336.288415224582,-27348.058684266463,300.048080638398
98.79999999995114,-32595.168944060948,-27439.432891744334,310.123789442764
98.99999999995067,-32457.796040504618,-27440.89965694482,301.772414631694
99.19999999995021,-32347.071052428568,-27375.687711163017,299.0347498245482
99.39999999994974,-32427.82871576096,-27509.023994585266,295.87208192602156
99.59999999994928,-32470.868013101746,-27647.715009033796,290.1185148940491
99.79999999994881,-32523.109603403398,-27563.126048228965,298.3490388367202
99.99999999994834,-32511.29942741245,-27559.983231383376,297.82768665046694
100.19999999994788,-32516.881507799582,-27696.157872124895,289.97238543272175
100.39999999994741,-32585.278044601146,-27750.31913424976,290.82865450501316
100.59999999994695,-32788.57226654692,-27789.54636197575,300.6974836020849
100.79999999994648,-32711.690436951612,-27723.05156039333,300.0726912434927
100.99999999994601,-32710.204735136533,-27618.51952746691,306.2710532946423
101.19999999994555,-32611.646101547347,-27631.862096072116,299.5400599862993
101.39999999994508,-32404.76865931324,-27482.636107776343,296.072254966644
101.59999999994461,-32281.498670952366,-27355.669374975347,296.29461863746405
101.79999999994415,-32462.750085815438,-27190.45092284691,317.1352022105617
101.99999999994368,-32262.908630137623,-27210.100473103405,303.9325514506636
102.19999999994322,-32340.65083011496,-27206.72308578971,308.81199321289733
102.39999999994275,-32117.88535687892,-27124.84447828104,300.3374770160385
102.59999999994228,-32179.51279569615,-27174.063166207634,301.083878462778
102.79999999994182,-32471.24753114165,-27284.522862198908,311.98779239407213
102.99999999994135,-32233.95556895039,-27262.930401389254,299.0132052409301
103.19999999994089,-32161.322856937826,-27056.172445825592,307.08100164631634
103.39999999994042,-32438.58270187021,-27205.600494605693,314.77023954207874
103.59999999993995,-32412.416539453698,-27229.82673201131,311.7390754496246
103.79999999993949,-32626.633223635406,-27465.012605596596,310.47775322261515
103.99999999993902,-32542.375411135406,-27540.690680782107,300.85741520421783
104.19999999993856,-32578.60083600026,-27381.282375889685,312.62502180771855
104.39999999993809,-32389.864644363377,-27459.32909182724,296.5777056891272
104.59999999993762,-32675.46229300066,-27642.134730332764,302.7607700242721
104.79999999993716,-32645.259701977426,-27708.425859850307,296.95655546249475
104.99999999993669,-32736.38495879795,-27805.89396577503,296.5750253802528
105.19999999993622,-32438.117073939706,-27574.14376801817,292.5739056604836
105.39999999993576,-32685.02773192947,-27547.370099352236,309.03635052428126
105.59999999993529,-32633.95673917234,-27557.973075876944,305.32658631805003
105.79999999993483,-32499.12597141997,-27710.462017616024,288.04395660525756
105.99999999993436,-32498.113078268914,-27534.048709967843,298.59450470580254
106.1999999999339,-32570.761515768914,-27618.744258753693,297.8698563208007
106.39999999993343,-32525.81039992973,-27514.783737709018,301.4193437595279
106.59999999993296,-32549.408282576274,-27629.844445973315,295.9177436415438
106.7999999999325,-32662.266590337647,-27601.589225027623,304.4058938921004
106.99999999993203,-32642.46334219881,-27594.648483647674,303.63219847842475
107.19999999993156,-32516.29146719881,-27529.625155373185,299.95403907751586
107.3999999999311,-32699.472181989433,-27540.466486196354,310.32046247155347
107.59999999993063,-32575.400165996223,-27666.841260057583,295.2557836875154
107.79999999993017,-32667.072468913364,-27633.779386462615,302.7586959973061
107.9999999999297,-32698.193839795742,-27772.242854553828,296.30193839463954
108.19999999992923,-32670.113965375407,-27690.31363613071,299.54104188087126
108.39999999992877,-32562.380551983748,-27623.769025750604,297.06348532193647
108.5999999999283,-32569.949889310694,-27646.081192224345,296.17668623142504
108.79999999992783,-32616.625654491072,-27652.67166553327,298.587865254158
108.99999999992737,-32714.570156479924,-27658.70103356961,304.1166722681796
109.1999999999269,-32711.740417706897,-27755.263581204345,298.13810544680297
109.39999999992644,-32635.23081901885,-27795.910413726757,291.0910037263313
109.59999999992597,-32650.72296685746,-27744.958473062346,295.0876964009627
109.7999999999255,-32670.27867188721,-27652.788789342594,301.80811431692507
109.99999999992504,-32657.24144491306,-27774.15124333775,293.723810167303
110.19999999992457,-32554.731584987254,-27612.896409036242,297.2573917702489
110.3999999999241,-32722.612896848877,-27707.862508103193,301.6433304355436
110.59999999992364,-32730.134857226512,-27730.089424342266,300.75880946917476
110.79999999992317,-32598.22869991939,-27717.73041599858,293.56790317036206
110.99999999992271,-32551.443785201525,-27584.431221795967,298.7718422243532
111.19999999992224,-32609.00354867737,-27556.898072517768,303.89028434206966
111.39999999992177,-32538.48244068367,-27564.93829913126,299.16472458787786
111.59999999992131,-32495.369605682587,-27534.080031887424,298.4275974439944
111.79999999992084,-32564.87880470307,-27497.536086343753,304.80682297858675
111.99999999992038,-32372.908921584312,-27348.4416186866,302.2278146309987
112.19999999991991,-32353.072984084312,-27408.174456016917,297.4416561230184
112.39999999991944,-32366.47487082894,-27381.035645802534,299.8802283152333
112.59999999991898,-32301.819120741333,-27375.195959613076,296.3423705911153
112.79999999991851,-32305.664076489076,-27329.152543498814,299.3432167892102
112.99999999991805,-32437.33165523605,-27320.94646168602,307.75678746386376
113.19999999991758,-32540.217308035644,-27488.517390578345,303.8658894932404
113.39999999991711,-32459.84403608332,-27468.098446480348,300.25956380879745
113.59999999991665,-32310.343202204647,-27386.081202073634,296.20034388755266
113.79999999991618,-32439.457831265696,-27382.30516318261,304.1938790702468
113.99999999991572,-32313.10848989105,-27308.903087991755,301.009036661145
114.19999999991525,-32229.85572923193,-27198.78463575695,302.62504065997445
114.39999999991478,-32196.097819348972,-27274.5738460414,296.0356482465297
114.59999999991432,-32463.313682468754,-27251.897307392355,313.4730285264641
114.79999999991385,-32372.69475248456,-27307.079458245076,304.70291631839683
114.99999999991338,-32307.78426336567,-27282.445013098186,302.28026332499
115.19999999991292,-32349.87499618117,-27341.504991509544,301.25954257924747
115.39999999991245,-32539.002520820795,-27509.53116850808,302.52881428485836
115.59999999991199,-32526.428457289498,-27434.149105560762,306.30679178187614
115.79999999991152,-32476.60443096026,-27481.77013035654,300.4453535292806
115.99999999991105,-32543.048444666172,-27433.07514461709,307.37110427724616
116.19999999991059,-32424.03893202677,-27455.589727179555,298.85825795305544
116.39999999991012,-32452.23424452677,-27418.104659340752,302.80901265345545
116.59999999990966,-32517.493755944335,-27509.616904055496,301.22987884002185
116.79999999990919,-32672.80876362967,-27534.815109564835,309.0565626251359
116.99999999990872,-32476.67964811885,-27504.56624660903,299.07866383550163
117.19999999990826,-32710.146819095477,-27637.912952220882,305.1010315061168
117.39999999990779,-32526.357756595477,-27728.739224630757,288.58258536435255
117.59999999990733,-32705.69762499316,-27778.594700692687,296.3712289289925
117.79999999990686,-32703.32235272901,-27728.607520859427,299.2351430332252
117.9999999999064,-32526.60395697388,-27687.58839887241,291.0726667973269
118.19999999990593,-32638.224301220704,-27764.65567851704,293.1510756263589
118.39999999990546,-32591.319497689983,-27647.580983550666,297.37187987545036
118.599999999905,-32711.184113252442,-27698.18446374382,301.5380213427169
118.79999999990453,-32444.47060752823,-27695.484573901398,285.65728148502814
118.99999999990406,-32484.47772455844,-27717.42017320986,286.74430523876214
119.1999999999036,-32559.510250886728,-27824.16522971756,284.8367580074335
119.39999999990313,-32868.40873070154,-27961.252126461826,295.17143353607264
119.59999999990266,-32886.98828608135,-28020.098174149287,292.7493550868848
119.7999999999022,-33089.904833918845,-28112.295704055054,299.40923857509006
119.99999999990173,-32714.129225086304,-27990.22615893546,284.1485105073851
120.19999999990127,-32692.362263707968,-27856.861015983217,290.8612767571373
120.3999999999008,-32765.881770507753,-27852.69068487067,295.53441492598137
120.59999999990033,-32693.84223093465,-27781.16955476161,295.50323196668313
120.79999999989987,-32642.13733051819,-27616.264650547033,302.31234976995665
120.9999999998994,-32721.286609773408,-27620.71591747494,306.80552599382065
121.19999999989894,-32345.822317114886,-27546.00978674434,288.71455703488454
121.39999999989847,-32445.22014127439,-27528.1515643131,295.7676507415454
121.599999999898,-32498.22876508301,-27509.121739307186,300.10085098788153
121.79999999989754,-32433.44844479172,-27371.514336646185,304.4814885010076
121.99999999989707,-32475.756062143366,-27496.567936037784,299.5042171180277
122.1999999998966,-32576.75836510965,-27495.23962867583,305.6595276942401
122.39999999989614,-32633.340961948154,-27615.585870257695,301.824066969363
122.59999999989567,-32529.635792619723,-27556.73546012788,299.12599869044743
122.7999999998952,-32416.10346321363,-27580.336523578473,290.8772584484503
122.99999999989474,-32361.48513680778,-27477.220988944056,293.7944244632776
123.19999999989427,-32658.412291925662,-27595.46671486998,304.5423295852166
123.39999999989381,-32525.716341149033,-27523.93276081278,300.8633611508274
123.59999999989334,-32390.25590399513,-27424.24466208223,298.71161151963855
123.79999999989288,-32354.15355804877,-27407.213316901005,297.56446764614793
123.99999999989241,-32508.109413536382,-27420.68140501913,306.01497759174566
124.19999999989194,-32179.016803123377,-27245.493440477963,296.75742609836107
124.39999999989148,-32326.269130144763,-27239.197748251987,305.99352606686625
124.59999999989101,-32195.37157237553,-27199.454914395,300.51045864091213
124.79999999989055,-32158.789858208824,-27118.598733249906,303.1736216375373
124.99999999989008,-32237.18915964759,-27137.308007375366,306.76404932322674
125.19999999988961,-32088.858457404393,-27295.267421373137,288.3403265892374
125.39999999988915,-32133.632701492344,-27247.37747663207,293.9141901644261
125.59999999988868,-32125.00306401495,-27217.339836689178,295.20190753041055
125.79999999988821,-32226.71466856537,-27191.564190843084,302.8704205802284
125.99999999988775,-32270.116879881185,-27295.377625311085,299.23661208834284
126.19999999988728,-32306.41785938709,-27251.011077002127,304.08886192368567
126.39999999988682,-32462.076839034155,-27338.914542264945,308.1644384588818
126.59999999988635,-32437.723613528564,-27448.55552870597,300.10452376375133
126.79999999988588,-32327.281688344345,-27492.936760379147,290.79172271829566
126.99999999988542,-32463.730992601195,-27409.60762901226,304.01166272333353
127.19999999988495,-32493.077358169772,-27465.6539624774,302.40562720521143
127.39999999988449,-32490.473566268367,-27639.062677339447,291.8182610109559
127.59999999988402,-32622.151995891094,-27717.764106044866,295.0048920004159
127.79999999988355,-32627.3884143655,-27920.810496500024,283.10638178233114
127.99999999988309,-32748.653843917855,-27852.506722731952,294.5091997502836
128.19999999988403,-32830.87464361626,-27814.86379468406,301.71914864763164
128.39999999988498,-32819.84985086118,-27648.924713438668,311.03743137156164
128.59999999988594,-32514.605117271683,-27467.614057734172,303.5826459665715
128.7999999998869,-32406.808242271683,-27516.772172965604,294.14161255279686
128.99999999988785,-32522.27009919606,-27363.043767705967,310.3337339768729
129.1999999998888,-32272.71235020671,-27447.070692710142,290.26821042230387
129.39999999988976,-32426.285703443486,-27429.102526451024,300.5866412987122
129.5999999998907,-32416.200443199166,-27457.57965299886,298.267066867324
129.79999999989167,-32344.24475164563,-27349.99304442611,300.4103098291807
129.99999999989262,-32476.230616082525,-27611.84554919516,292.59867358300164
130.19999999989358,-32573.88010122173,-27530.195672150352,303.3837481254023
130.39999999989453,-32367.621122897457,-27381.66976569206,299.9110336882068
130.5999999998955,-32463.126394715742,-27477.66964216961,299.88128261684636
130.79999999989644,-32380.012105833448,-27348.114362704277,302.67476464132216
130.9999999998974,-32156.837052970717,-27335.376707324584,290.0166994328465
131.19999999989835,-32387.061645017617,-27451.120472131908,296.9028603227405
131.3999999998993,-32366.048600559967,-27439.82183691245,296.3185268008969
131.59999999990026,-32292.918507742026,-27255.464934863412,303.008954552891
131.79999999990122,-32345.580650500808,-27240.307021321583,307.0884133627958
131.99999999990217,-32275.933707616554,-27263.151666901453,301.5249319093211
132.19999999990313,-32280.610831979982,-27369.21185276503,295.42661754669814
132.39999999990408,-32340.011824557063,-27385.026117935282,298.0484121722669
132.59999999990504,-32354.170275312994,-27386.754354097327,298.7961046868421
132.799999999906,-32419.408044520766,-27402.350677362643,301.78209799078076
132.99999999990695,-32656.550767809764,-27615.777408736438,303.20864372712276
133.1999999999079,-32539.451328130846,-27652.629132835602,293.9482941251431
133.39999999990886,-32569.474420825572,-27616.612821477553,297.92064453826913
133.5999999999098,-32557.132600815094,-27647.711122103094,295.3076684881394
133.79999999991077,-32584.952913315094,-27661.30750221858,296.16325530777135
133.99999999991172,-32513.883263526135,-27620.143261673977,294.3644085969261
134.19999999991268,-32612.440955343103,-27520.750222073315,306.2713856662076
134.39999999991363,-32592.537249798712,-27632.102436307643,298.3761825728915
134.5999999999146,-32557.517260884604,-27663.83260390113,294.36107953581273
134.79999999991554,-32663.47864440203,-27692.627392135822,299.0027440245764
134.9999999999165,-32696.20275069255,-27793.573334912246,294.89911764823285
135.19999999991745,-32625.09121233385,-27725.75340968903,294.70112311775296
135.3999999999184,-32682.167338414205,-27505.30631402656,311.3944821865474
135.59999999991936,-32591.89367593985,-27666.38246547265,296.27548540747114
135.79999999992032,-32482.444118066633,-27574.028880349302,295.2471418694001
135.99999999992127,-32655.428384798346,-27560.922275886638,306.44073393266603
136.19999999992223,-32421.42164050066,-27589.83114551776,290.62604022687856
136.39999999992318,-32239.803592728276,-27335.38862069446,295.00652102691305
136.59999999992414,-32394.95212310829,-27401.74938435384,300.347213101169
136.7999999999251,-32416.06950444865,-27475.026569191803,297.2097375296648
136.99999999992605,-32629.949611422984,-27689.675457470497,297.1634943998883
137.199999999927,-32713.73150819051,-27837.156507110456,293.3319129394261
137.39999999992796,-32597.199104112835,-27768.191365409904,290.4706842977497
137.5999999999289,-32861.191291612835,-27821.26348398885,303.15778277982497
137.79999999992987,-32725.339712290675,-27912.445514879306,289.50143520586965
137.99999999993082,-32739.694609590806,-27811.350763419236,296.4458718876625
138.19999999993178,-32589.265025347646,-27777.78908383957,289.41612538964444
138.39999999993273,-32784.54708458696,-27735.015184259304,303.73548062804633
138.5999999999337,-32640.56030733834,-27694.949873757985,297.4844781048196
138.79999999993464,-32838.69133669761,-27749.537221143662,306.1188050277843
138.9999999999356,-32619.450235453056,-27806.861385135766,289.4830682070647
139.19999999993655,-32789.05480862918,-27827.496505242278,298.44376185553153
139.3999999999375,-32825.62512112918,-27810.407981685858,301.6714060572606
139.59999999993846,-32619.186325385526,-27844.344473703124,287.2125403642978
139.79999999993942,-32792.38594900974,-27784.241631313867,301.24596723337277
139.99999999994037,-32706.44063650974,-27770.931345166347,296.87688212309354
140.19999999994133,-32800.28054835944,-27835.011658873118,298.6669581189804
140.39999999994228,-32749.63719996295,-27773.671522688615,299.3103829045048
140.59999999994324,-32638.40407169913,-27741.908406308154,294.5301651078133
140.7999999999442,-32589.980990346405,-27646.157455895212,297.3769939505369
140.99999999994515,-32790.652575357,-27817.06037722726,299.16761524940875
141.1999999999461,-32744.73840509099,-27812.81003255234,296.6614855050075
141.39999999994706,-32319.73059259099,-27663.115207956405,280.1010746877675
141.599999999948,-32505.16210700918,-27613.318657577707,294.2503286638938
141.79999999994897,-32441.04200418471,-27482.330722875806,298.2725100174822
141.99999999994992,-32406.785848094238,-27453.9738240336,297.91766252448286
142.19999999995088,-32545.161749110703,-27420.805294315476,308.2362685154371
142.39999999995183,-32457.42653852093,-27304.293608529,309.96720847129416
142.5999999999528,-32253.732878457377,-27309.46417582137,297.40377135787764
142.79999999995374,-32400.875318507984,-27349.661080461316,303.8366752864326
142.9999999999547,-32438.031851450447,-27499.424720688257,297.0632209290166
143.19999999995565,-32456.29949380376,-27541.58800315589,295.6258691351667
143.3999999999566,-32288.380361422867,-27268.659389553097,301.9423170513323
143.59999999995756,-32367.42508031358,-27344.78367326036,302.1179847768952
143.79999999995852,-32590.5532044571,-27393.414707171556,312.6141968250797
143.99999999995947,-32175.637288673373,-27216.30094094068,298.31010852253206
144.19999999996043,-32302.053553228267,-27074.766928412486,314.4276433358023
144.39999999996138,-32144.08357582995,-27033.68032085392,307.3969665886372
144.59999999996234,-32265.309959291102,-27249.832924952352,301.6870390510772
144.7999999999633,-32390.926508189674,-27278.206695254106,307.5363103652746
144.99999999996425,-32467.29449793711,-27339.00953303455,308.4725731728105
145.1999999999652,-32232.410931509803,-27313.267059820588,295.8924822415881
145.39999999996616,-32316.98950484369,-27280.290037680854,302.96359417760317
145.5999999999671,-32429.820954345196,-27227.94210042435,312.89933503776797
145.79999999996807,-32387.18220125555,-27256.598891808157,308.61082139041827
145.99999999996902,-32377.060361119482,-27255.39471025628,308.07441338872394
146.19999999996998,-32174.71466302796,-27227.806134159036,297.5625601140349
146.39999999997093,-32143.87593249287,-27112.267057275953,302.65738888533156
146.59999999997189,-32391.47749499287,-27290.303530968813,306.8418135212861
146.79999999997284,-32421.212497577275,-27477.25230491275,297.38521410815315
146.9999999999738,-32275.485935077275,-27525.114544000215,285.7406124193192
147.19999999997475,-32368.522027099825,-27498.27779648904,292.9511094017547
147.3999999999757,-32296.165085692337,-27440.716374687763,292.0611409160734
147.59999999997666,-32364.421810105152,-27205.629535022832,310.30762495642574
147.79999999997762,-32222.354367644934,-27205.129378868674,301.7921806348264
147.99999999997857,-32266.373688452994,-27125.310701574723,309.24118672410157
148.19999999997953,-32085.108063452994,-27174.342539043282,295.3885144703094
148.39999999998048,-32299.857534293755,-27186.51002638889,307.57406698053137
148.59999999998143,-31975.047126253165,-26957.654169266607,301.8022841268119
148.7999999999824,-32092.273688753165,-27064.02021224427,302.45555757514336
148.99999999998334,-32069.187751253165,-27117.829026756837,297.83024478945816
149.1999999999843,-32228.147626433813,-27210.48142032727,301.8187203934656
149.39999999998525,-32318.053876433813,-27296.01838706649,302.0815380917014
149.5999999999862,-32357.33929466846,-27468.981627061672,294.0406546507807
149.79999999998716,-32479.5517133284,-27602.509196164843,293.3600346000329
149.99999999998812,-32338.1242040761,-27630.27672630755,283.1827473534289
150.19999999998907,-32388.712042902363,-27548.668866227148,291.13447930342846
150.39999999999003,-32506.191685505066,-27565.926585282985,297.16294980700116
150.59999999999098,-32592.563871654944,-27555.7149864964,302.9725818516365
150.79999999999194,-32482.609579937387,-27528.715594121575,297.9827438389921
150.9999999999929,-32573.229994078953,-27588.08398128659,299.86259124300744
151.19999999999385,-32631.71804876096,-27548.714878393163,305.74881819943874
151.3999999999948,-32497.05398626096,-27575.239480587246,296.0531241214443
151.59999999999576,-32715.5326432382,-27585.996650459827,308.5478240199463
151.79999999999671,-32369.645045083947,-27399.589682177873,298.9548703123001
151.99999999999767,-32363.205153908697,-27474.187293804367,294.08036603185633
152.19999999999862,-32347.205546208832,-27343.666964879434,300.96892659346196
152.39999999999958,-32309.785866309132,-27270.049013349402,303.146296624698
152.60000000000053,-32138.0013819139,-27205.675954615464,296.6853688313592
152.8000000000015,-32233.13503371374,-27115.964279910637,307.8040398677975
153.00000000000244,-32329.957588548044,-27175.12669804375,310.069342859687
153.2000000000034,-32099.032273689838,-27213.875594175042,293.8481113268058
153.40000000000435,-32437.427431989607,-27158.42773082448,317.53824772642014
153.6000000000053,-32499.509785182192,-27420.102208932745,305.53253884340387
153.80000000000626,-32169.021847588534,-27370.538626993133,288.6345974363659
154.00000000000722,-32444.781128941482,-27351.181122665672,306.38623075790747
154.20000000000817,-32306.983062954794,-27350.094889916887,298.16284783931224
154.40000000000913,-32283.979422624136,-27330.592263073573,297.9522576231786
154.60000000001008,-32421.095836768305,-27466.837672750844,298.00464960041626
154.80000000001104,-32269.633339910943,-27353.4758046199,295.71285047786824
155.000000000012,-32636.22886621146,-27315.231703975558,320.0644460503996
155.20000000001295,-32378.130745733273,-27305.80080355995,305.1068105520981
155.4000000000139,-32253.152849154605,-27348.04007997556,295.04849437324907
155.60000000001486,-32359.952225345798,-27451.572500394803,295.2450057333454
155.8000000000158,-32407.48029133823,-27408.928751627507,300.66894997922134
156.00000000001677,-32241.280926792824,-27321.73146529746,295.9168789613515
156.20000000001772,-32422.29789108102,-27300.783089649107,308.0653396121009
156.40000000001868,-32271.197052937845,-27184.906531690765,305.946556350028
156.60000000001963,-32359.749402696732,-27202.0493873104,310.2419242082615
156.8000000000206,-32241.971654312627,-27326.552317720794,295.66844692895916
157.00000000002154,-32420.532490180864,-27346.604804766655,305.2029167498149
157.2000000000225,-32252.454365180864,-27276.667997046432,299.29959724182083
157.40000000002345,-32247.826466778497,-27268.032472945022,299.54066079818676
157.6000000000244,-32272.932353554672,-27245.91335824007,302.38130203101076
157.80000000002536,-32407.11790087502,-27345.499562988145,304.4624945361856
158.00000000002632,-32450.527311290876,-27496.752438840427,297.97557902530406
158.20000000002727,-32306.61085282729,-27500.64695629009,289.0845691857191
158.40000000002823,-32408.568017880927,-27292.625960564736,307.7301322808439
158.60000000002918,-32409.346392757026,-27311.74544460303,306.6268922743257
158.80000000003014,-32238.22772298337,-27269.100067554304,298.89906758009187
159.0000000000311,-32236.19089379729,-27320.322722876997,295.6954448592958
159.20000000003205,-32688.15094903941,-27586.47983494858,306.87171770200155
159.400000000033,-32611.73102887228,-27689.086285859084,296.1030639064226
159.60000000003396,-32704.64987612047,-27629.25280232911,305.29130224648543
159.8000000000349,-32578.024702434865,-27587.71673483678,300.1730890980253
160.00000000003587,-32424.26593541904,-27618.50230948013,289.07252266583805
160.20000000003682,-32518.76536389804,-27648.125098996243,292.97493134566963
160.40000000003778,-32713.5755782965,-27681.01511047402,302.71462833705056
160.60000000003873,-32545.67782474053,-27802.232770064147,285.32398486706734
160.8000000000397,-32726.18563724053,-27794.23071337701,296.6630825994672
161.00000000004064,-32549.212418377138,-27645.952873528673,294.93702067749433
161.2000000000416,-32696.154607335076,-27632.740030109853,304.5705405154022
161.40000000004255,-32718.12471253026,-27660.01860923294,304.2512293571169
161.6000000000435,-32614.980541342607,-27561.282585630397,303.98607392253956
161.80000000004446,-32390.2832123549,-27485.395017188537,295.0349859734557
162.00000000004542,-32446.861493247532,-27430.620718761318,301.7329789491398
162.20000000004637,-32406.569237084623,-27523.001252086397,293.75254942085365
162.40000000004733,-32336.847104152985,-27323.045924751408,301.58623433989754
162.60000000004828,-32269.640998854593,-27254.941934504837,301.64024321075266
162.80000000004924,-32300.28638434544,-27327.03523913765,299.147100501663
163.0000000000502,-32180.998495563836,-27143.143951223436,303.0330734736281
163.20000000005115,-32177.727713168395,-27049.33344722938,308.4791477629896
163.4000000000521,-32125.92670833494,-26977.04039953265,309.71176904571166
163.60000000005306,-32102.079344455444,-27098.290226816724,300.9839966569508
163.800000000054,-32043.67402970072,-27078.305246472795,298.6729668489411
164.00000000005497,-32192.197149858286,-26957.10800260998,314.8969745427208
164.20000000005592,-31914.31939963295,-26993.226692511205,296.0097070613235
164.40000000005688,-32216.112052756478,-27077.60069007345,309.0877034277045
164.60000000005783,-32179.220989716618,-27178.623931225768,300.7919904198165
164.8000000000588,-32035.03284161858,-27046.31995556847,300.07714300437186
165.00000000005974,-32247.736086835735,-27109.969332441106,309.04291433421616
165.2000000000607,-32277.751472751406,-27077.13249614442,312.8235518861787
165.40000000006165,-32324.77780714276,-27050.26383671182,317.2684255711372
165.6000000000626,-32094.536510968464,-27074.39254220843,301.96776082836055
165.80000000006356,-32229.06689616319,-27160.27981401913,304.8937032156108
166.00000000006452,-32094.85595866319,-27128.107718504296,298.75594285982754
166.20000000006547,-32145.691433437663,-27193.002014487545,297.9102876780802
166.40000000006643,-32180.362744659767,-27023.92638245097,310.1659139338832
166.60000000006738,-32028.511182159767,-27031.55121555191,300.5732149228051
166.80000000006834,-32139.94620308641,-27046.3098058271,306.38841971979184
167.0000000000693,-32084.08347074286,-27010.386969984684,305.18901071178993
167.20000000007025,-32101.110026686947,-26899.99340375795,312.85348591724954
167.4000000000712,-32032.147169248696,-26957.475316908705,305.2476792948055
167.60000000007216,-32328.67358430178,-27014.960523084097,319.6262985216024
167.8000000000731,-32206.809446774947,-27048.39634911582,310.2848169735967
168.00000000007407,-32214.40893708018,-27046.352631806396,310.8648676312517
168.20000000007502,-32187.72153683257,-27125.490527526883,304.4993474666222
168.40000000007598,-32119.40122433257,-27217.908424020454,294.83074884646385
168.60000000007693,-32181.24480021454,-27257.9812683732,296.14028480646505
168.8000000000779,-32273.599488820473,-27138.26443810441,308.89664440263977
169.00000000007884,-32159.018331549567,-27115.580546695244,303.36891217599344
169.2000000000798,-32454.797281067324,-27166.978608111356,318.06871959755773
169.40000000008075,-32171.070504657866,-27260.15788895212,295.3973621905297
169.6000000000817,-32121.432806989615,-27306.52343717168,289.62265027521437
169.80000000008266,-32396.75900100841,-27218.08360787033,311.5036186719341
170.00000000008362,-32402.210332282062,-27398.280993648048,300.99243112023186
170.20000000008457,-32543.378799515573,-27300.91920728123,315.34031576611847
170.40000000008553,-32152.908424249123,-27202.324731603003,297.78362568175237
170.60000000008648,-32066.127174249123,-26985.85654105313,305.5844527676335
170.80000000008744,-32077.085169161553,-26968.669378844905,307.2774181739595
171.0000000000884,-32060.841602671106,-27070.71633808795,300.16209928963366
171.20000000008935,-32068.772829618712,-27076.99391510937,300.2615683424162
171.4000000000903,-32226.51227527659,-27064.481269316166,310.50243855485496
171.60000000009126,-32322.762057069835,-27265.508614355844,304.19994078676956
171.8000000000922,-32310.832407017326,-27216.886993965687,306.40700739525505
172.00000000009317,-32310.233089121466,-27330.69627325161,299.5251912311202
172.20000000009412,-32569.31202406928,-27510.34333199475,304.3031151203918
172.40000000009508,-32403.75377939007,-27687.765524240152,283.6724250066102
172.60000000009603,-32711.45224241921,-27762.058050118474,297.71207579034785
172.800000000097,-32803.03073803574,-27824.35155063268,299.473603836545
173.00000000009794,-32748.107906264748,-27856.850504461705,294.21507718680533
173.2000000000989,-32663.713523390237,-27759.601593420375,294.9882926784715
173.40000000009985,-32662.054545177845,-27781.927935173968,293.5455465325539
173.6000000001008,-32458.892722238932,-27726.769363925938,284.64297107126663
173.80000000010176,-32497.524137844128,-27693.50236758197,288.9677479299604
174.00000000010272,-32391.35709295227,-27605.348916122603,287.884208392622
174.20000000010367,-32434.950272459653,-27539.989610058372,294.4378328124553
174.40000000010463,-32560.361812535702,-27512.4914771037,303.6355354802313
174.60000000010558,-32425.674435230903,-27487.62963204435,297.0293962419312
174.80000000010654,-32549.03423766434,-27355.57283403087,312.3930151730427
175.0000000001075,-32304.31750780114,-27288.45613819643,301.7101572844171
175.20000000010845,-32279.672026112792,-27271.805717992713,301.22924461951686
175.4000000001094,-32353.387875812245,-27321.512912237667,302.67339442342876
175.60000000011036,-32431.16623487865,-27356.623162308533,305.2399330351383
175.8000000001113,-32184.742924274615,-27243.258468871674,297.23629550304287
176.00000000011227,-32037.541309414897,-27167.14457847504,292.96028248188594
176.20000000011322,-31951.38764646981,-27113.940521202574,290.9783236561919
176.40000000011418,-32111.81082825031,-26914.71977128921,312.61134323190896
176.60000000011513,-32066.122945314943,-27001.402394381555,304.64909642113105
176.80000000011609,-32186.6583167949,-27180.3964895244,301.1327331464487
177.00000000011704,-32336.93576380791,-27210.922999044822,308.33589757295914
177.200000000118,-32384.752626798552,-27304.831272051175,305.5634432444624
177.40000000011895,-32402.922207076015,-27308.834808465937,306.41554799915383
177.6000000001199,-32285.568185702636,-27238.701817397232,303.57514563741984
177.80000000012086,-32121.14178013688,-27137.548992471566,299.7691628639418
178.00000000012182,-32193.750732918503,-27193.900507773506,300.7470674864181
178.20000000012277,-32195.705967306218,-27207.139648811484,300.0683267877887
178.40000000012373,-32137.029719901388,-27212.928089505178,296.19069745310287
178.60000000012468,-32203.339258224907,-27238.99209029015,298.6115154474622
178.80000000012564,-32172.68542452695,-27216.309361672756,298.1320437893815
179.0000000001266,-32280.91148256004,-27198.355312391708,305.7219305941904
179.20000000012755,-32309.61460756004,-27214.457609827456,306.4798856862834
179.4000000001285,-32198.48179506004,-27198.601058146276,300.7489028063912
179.60000000012946,-32371.858836779662,-27302.224272606254,304.94468028964235
179.8000000001304,-32251.905867018126,-27357.5765440877,294.3998569760006
180.00000000013137,-32293.683873269823,-27478.438233274617,289.6428773350548
180.20000000013232,-32388.506923978595,-27458.311656738893,296.5572371149893
180.40000000013328,-32371.603564965306,-27405.217137750587,298.7341793715151
180.60000000013423,-32257.16929396038,-27550.236490287876,283.12772859492554
180.80000000013519,-32430.727023908636,-27404.758437777637,302.3181186420282
181.00000000013614,-32454.76360005638,-27376.744264259323,305.44903449302905
181.2000000001371,-32278.87235536889,-27317.049473015562,298.45967660191144
181.40000000013805,-32238.155315090873,-27185.81473140148,303.9044263457188
181.600000000139,-32109.96206913842,-27248.559571843594,292.41926839721845
181.80000000013996,-32345.639223462058,-27311.033254572278,302.8376677121978
182.00000000014091,-32318.015928368986,-27244.93830515255,305.1517844755168
182.20000000014187,-32318.42052771902,-27216.988390473707,306.85734295430905
182.40000000014282,-32390.26462372532,-27214.040854186285,311.3561505329316
182.60000000014378,-32217.550050726888,-27285.913278574153,296.6439453874055
182.80000000014473,-32316.699792425992,-27446.341577907006,292.95796567236056
183.0000000001457,-32316.1647656016,-27349.838704248978,298.7305482915458
183.20000000014664,-32366.403119421535,-27362.42893932757,300.9951283885449
183.4000000001476,-32474.73928065074,-27391.62859343097,305.7552854687529
183.60000000014855,-32282.48146815074,-27271.82688636321,301.39696266927325
183.8000000001495,-32095.830631006917,-27187.361925715057,295.2503580089885
184.00000000015046,-32155.525943506917,-27243.205429159512,295.4820490048801
184.20000000015142,-32225.745702123037,-27163.99063713313,304.4707188376008
184.40000000015237,-32151.801000926032,-27151.558084326418,300.7706883546611
184.60000000015333,-32296.58877901075,-27218.341309871,305.46275699084833
184.80000000015428,-32304.848009173293,-27257.369733408792,303.61195261475103
185.00000000015524,-32296.28246427339,-27307.021560893045,300.1101069128047
185.2000000001562,-32296.723022181744,-27245.979921026825,303.8083358298093
185.40000000015715,-32534.48046177515,-27329.656614275475,313.0764799806594
185.6000000001581,-32369.325209948,-27262.64344355534,307.1731145275288
185.80000000015906,-32160.465659038542,-27024.110220410774,308.9580219756318
186.00000000016001,-32162.828102042957,-26962.992139387934,312.77645264535136
186.20000000016097,-32079.242164542957,-27107.291936011112,299.0688487825681
186.40000000016192,-32203.373557724815,-27095.37838932016,307.2521172547606
186.60000000016288,-32324.983560775494,-27165.229794272775,310.36545983388754
186.80000000016383,-32298.69127026669,-27223.49353281039,305.27931192367294
187.0000000001648,-32376.94168002435,-27218.63005658888,310.27871317571953
187.20000000016574,-32259.85579637144,-27168.747004565346,306.2363811799184
187.4000000001667,-32150.66510127776,-27148.39313497499,300.892738160261
187.60000000016765,-32260.99497906654,-27158.12286536806,306.9439592880069
187.8000000001686,-32142.13288732269,-27057.293887534062,305.8592455702314
188.00000000016956,-32257.262191837654,-27053.829994123662,312.99277055474346
188.20000000017052,-32148.54423075306,-27191.49945060021,298.17226794760467
188.40000000017147,-32420.090446010436,-27245.22689507922,311.27433173056323
188.60000000017243,-32390.05473247959,-27141.94869816347,315.6799561196008
188.80000000017338,-32379.09386552486,-27174.311075834907,313.0740103035061
189.00000000017434,-32318.79898160277,-27206.319816255942,307.5218351203468
189.2000000001753,-32434.173918717104,-27351.097034393373,305.7532521834747
189.40000000017625,-32339.45422049862,-27253.437000659935,305.93011693816305
189.6000000001772,-32179.65723850738,-27246.56985520359,296.73120141110576
189.80000000017816,-32331.258313056635,-27265.14041932448,304.7331482887027
190.0000000001791,-32147.893304303958,-27210.96765321723,296.9620778829929
190.20000000018007,-32256.00719167202,-27349.909118294745,295.1077616182374
190.40000000018102,-32418.76810838579,-27455.091971149377,298.5711521354363
190.60000000018198,-32365.20722176123,-27435.106281019165,296.551563261519
190.80000000018293,-32524.250775024877,-27521.547823329107,300.91866245543747
191.0000000001839,-32384.54847569851,-27437.25606131082,297.5856512945344
191.20000000018484,-32252.186308418546,-27415.047068112675,290.9598040015853
191.4000000001858,-32332.27840411401,-27473.558941279713,292.2578806136584
191.60000000018675,-32526.97371661401,-27603.10070965317,296.1769454756137
191.8000000001877,-32584.961105817754,-27547.690091414668,302.9979734387201
192.00000000018866,-32451.304855817754,-27471.23102429352,299.55749337537975
192.20000000018962,-32374.78442586938,-27554.293377077935,289.9583950490261
192.40000000019057,-32660.64373538518,-27652.65874277163,301.2363836360394
192.60000000019153,-32431.655153929198,-27594.709829929925,290.9481397000721
192.80000000019248,-32603.022341429198,-27646.5684657534,298.13672432516887
193.00000000019344,-32587.377081806335,-27513.89963207257,305.17583452645346
193.2000000001944,-32438.26562815535,-27526.66176818966,295.4389413728518
193.40000000019535,-32503.196126650408,-27635.351817444054,292.8067512125932
193.6000000001963,-32413.512543013407,-27509.605583759345,294.97596344081
193.80000000019726,-32395.54583953909,-27612.47328419547,287.7076271925016
194.0000000001982,-32462.46248131414,-27593.687713230785,292.86271944485503
194.20000000019917,-32430.776083726116,-27585.687160494417,291.43798709102384
194.40000000020012,-32442.385681810643,-27544.86759039093,294.59166527602184
194.60000000020108,-32489.227976586437,-27602.86226186878,293.9208362636288
194.80000000020203,-32546.96069872033,-27523.91486561604,302.1423114953763
195.000000000203,-32326.57145210079,-27413.43143897879,295.5313428521295
195.20000000020394,-32458.0687098426,-27402.810843419953,304.079904447571
195.4000000002049,-32430.447398106888,-27545.896065988898,293.811698945194
195.60000000020585,-32434.553765826684,-27620.9219186267,289.5458057371391
195.8000000002068,-32538.95561356694,-27633.464190839237,295.07127084438804
196.00000000020776,-32425.773405746295,-27674.923510456196,285.76939502927166
196.20000000020872,-32609.19104991207,-27565.12294177065,303.4068268877603
196.40000000020967,-32442.429133868223,-27584.02398549035,292.2389742171103
196.60000000021063,-32518.74130821036,-27364.86491062108,310.01192895082966
196.80000000021158,-32241.22844280064,-27363.783211769012,293.38425832862555
197.00000000021254,-32238.296538345807,-27255.476454881777,299.7226837671476
197.2000000002135,-32214.29520987504,-27303.55647687678,295.3869029343503
197.40000000021445,-32256.03739737504,-27118.09074480011,309.05373542839607
197.6000000002154,-32146.75758180936,-27115.804158376355,302.61796266394225
197.80000000021636,-32030.91826505246,-27182.814549246657,291.61933052830955
198.0000000002173,-32194.779483368096,-27197.51357748214,300.5916175421985
198.20000000021827,-32181.179771307652,-27126.022110383754,304.07387696503906
198.40000000021922,-32103.31217960766,-27108.13337097512,300.46607610590354
198.60000000022018,-32133.896257898363,-27052.796394090692,305.6343319967108
198.80000000022113,-32074.343177040544,-27067.516882272874,301.16668655241506
199.0000000002221,-32018.384156967775,-26933.5642400652,305.8580977114436
199.20000000022304,-32091.029488772852,-26948.485309870448,309.3302822244832
199.400000000224,-32132.30354840774,-26996.097311921418,308.94904728549477
199.60000000022495,-32392.94322349064,-27204.337584573106,312.1009350240462
199.8000000002259,-32407.188210530294,-27421.016855492344,299.9242668252037
200.00000000022686,-32341.158287453844,-27574.763874256896,286.7044166730128
